0,ACCURACY,MAXDRAWDOWN,EQUITY,EQUITY/MDD,TRAIN_SIZE,TEST_SIZE,FEATURE_SIZE,MIN_SAMPLES_LEAF,MAX_DEPTH,N_ESTIMATORS,LOSS
1,0.471328671,247550,-239100,-0.965865482,500,150,7,15,3,50,DEVIANCE
2,0.471328671,282925,-271400,-0.959264823,500,150,7,15,6,500,DEVIANCE
3,0.468493151,418975,-401525,-0.958350737,400,150,4,15,3,100,DEVIANCE
4,0.46993007,297900,-284650,-0.955521987,500,150,7,15,6,100,DEVIANCE
5,0.495890411,246475,-229025,-0.929201745,400,150,4,15,3,500,DEVIANCE
6,0.476923077,256825,-237350,-0.924170155,500,150,7,15,6,50,DEVIANCE
7,0.481118881,276600,-249750,-0.902928416,500,150,7,15,6,1000,DEVIANCE
8,0.480654762,217750,-193225,-0.887370838,500,100,4,15,3,1000,DEVIANCE
9,0.465753425,409725,-359525,-0.877478797,400,150,4,15,3,50,DEVIANCE
10,0.482191781,308025,-265975,-0.863485107,400,150,4,10,6,1000,DEVIANCE
11,0.47972028,301850,-257675,-0.853652476,400,150,7,10,3,1000,DEVIANCE
12,0.462365591,324700,-275950,-0.849861411,500,100,7,15,3,50,DEVIANCE
13,0.49375,295350,-239450,-0.810733029,200,100,4,15,6,50,DEVIANCE
14,0.461021505,420600,-340200,-0.808844508,500,100,7,15,3,100,DEVIANCE
15,0.453146853,262550,-212200,-0.808227004,500,150,7,10,3,50,DEVIANCE
16,0.484931507,355000,-283425,-0.798380282,400,150,4,10,3,100,DEVIANCE
17,0.472789116,168125,-132500,-0.788104089,500,200,4,15,3,1000,DEVIANCE
18,0.494791667,329225,-253600,-0.770293872,200,100,4,10,6,50,DEVIANCE
19,0.475806452,254250,-195450,-0.768731563,500,100,7,15,6,1000,DEVIANCE
20,0.486394558,265700,-203300,-0.765148664,500,200,4,10,3,50,DEVIANCE
21,0.489041096,246725,-187725,-0.760867362,400,150,4,10,3,500,DEVIANCE
22,0.483916084,269050,-203425,-0.756086229,400,150,7,10,3,500,DEVIANCE
23,0.493150685,234400,-176825,-0.754372867,400,150,4,15,6,100,DEVIANCE
24,0.480654762,210650,-157075,-0.74566817,500,100,4,15,6,1000,DEVIANCE
25,0.467741935,245900,-182050,-0.740341602,500,100,7,10,3,50,DEVIANCE
26,0.481118881,321325,-237750,-0.739905081,500,150,7,10,6,1000,DEVIANCE
27,0.4921875,256025,-188750,-0.737232692,400,100,4,15,3,100,DEVIANCE
28,0.493489583,231275,-170150,-0.735704248,400,100,4,15,3,50,DEVIANCE
29,0.509589041,223400,-164225,-0.735116383,500,150,4,15,3,1000,DEVIANCE
30,0.48125,243600,-178750,-0.733784893,200,100,4,15,3,100,DEVIANCE
31,0.48630137,331975,-243575,-0.733714888,400,150,4,10,6,500,DEVIANCE
32,0.47972028,270925,-197850,-0.730275907,500,150,7,15,3,100,DEVIANCE
33,0.488095238,281825,-204575,-0.725893728,500,100,4,10,3,100,DEVIANCE
34,0.482993197,223700,-162100,-0.724631203,500,200,4,15,6,50,DEVIANCE
35,0.488095238,237600,-169825,-0.714751684,500,100,4,15,6,50,DEVIANCE
36,0.471774194,280000,-199400,-0.712142857,500,100,7,10,6,1000,DEVIANCE
37,0.474462366,287225,-204100,-0.710592741,500,100,7,10,6,500,DEVIANCE
38,0.497260274,225125,-159275,-0.707495836,400,150,4,10,3,1000,DEVIANCE
39,0.481518482,246650,-174125,-0.705959862,200,150,7,15,6,500,DEVIANCE
40,0.483630952,161025,-113275,-0.703462195,500,100,4,15,6,500,DEVIANCE
41,0.47311828,294600,-206300,-0.700271555,500,100,7,15,6,100,DEVIANCE
42,0.49744898,263175,-182125,-0.692030018,400,200,4,10,3,1000,DEVIANCE
43,0.461139896,415725,-287600,-0.691803476,400,200,7,10,6,50,DEVIANCE
44,0.490410959,321800,-219725,-0.682799876,400,150,4,15,6,1000,DEVIANCE
45,0.492708333,298300,-197850,-0.663258465,200,100,4,10,6,100,DEVIANCE
46,0.485215054,215700,-139700,-0.647658785,500,100,7,15,6,500,DEVIANCE
47,0.489583333,190850,-122925,-0.644092219,500,100,4,15,3,100,DEVIANCE
48,0.468531469,300475,-193275,-0.64323155,400,150,7,10,3,50,DEVIANCE
49,0.475507766,207975,-132575,-0.637456425,400,100,7,10,6,1000,DEVIANCE
50,0.5,229700,-146075,-0.63593818,400,150,4,15,3,1000,DEVIANCE
51,0.461139896,255525,-162200,-0.634771549,400,200,7,15,3,50,DEVIANCE
52,0.489583333,262850,-166575,-0.63372646,500,100,4,15,3,50,DEVIANCE
53,0.498630137,245550,-154925,-0.630930564,400,150,4,15,6,50,DEVIANCE
54,0.466397849,317225,-194400,-0.612814249,500,100,7,10,6,100,DEVIANCE
55,0.485119048,312800,-191475,-0.612132353,500,100,4,15,3,500,DEVIANCE
56,0.485215054,267650,-160450,-0.599476929,500,100,7,15,6,50,DEVIANCE
57,0.50127551,298750,-173675,-0.581338912,400,200,4,10,3,500,DEVIANCE
58,0.467132867,297500,-171500,-0.576470588,500,150,7,10,6,100,DEVIANCE
59,0.488095238,204175,-115825,-0.567282968,500,100,4,15,6,100,DEVIANCE
60,0.511479592,187925,-106475,-0.566582413,400,200,4,15,3,500,DEVIANCE
61,0.481118881,244700,-137750,-0.562934205,500,150,7,15,3,500,DEVIANCE
62,0.495535714,296150,-165825,-0.559935843,500,100,4,10,3,50,DEVIANCE
63,0.49702381,199750,-111625,-0.558823529,500,100,4,10,6,500,DEVIANCE
64,0.486713287,246600,-137550,-0.557785888,500,150,7,15,3,1000,DEVIANCE
65,0.485065711,126050,-70225,-0.55712019,400,100,7,10,3,1000,DEVIANCE
66,0.449481865,350375,-194950,-0.556403853,400,200,7,10,3,50,DEVIANCE
67,0.499402628,208775,-115825,-0.554783858,400,100,7,15,3,1000,DEVIANCE
68,0.4875,235200,-129900,-0.552295918,200,100,4,15,3,50,DEVIANCE
69,0.5,296250,-162250,-0.547679325,400,100,4,15,6,50,DEVIANCE
70,0.474125874,349900,-191150,-0.546298943,500,150,7,10,3,1000,DEVIANCE
71,0.49872449,253875,-136925,-0.539340226,400,200,4,15,3,1000,DEVIANCE
72,0.519178082,239575,-127975,-0.534175102,500,150,4,15,6,500,DEVIANCE
73,0.458333333,341300,-181350,-0.531350718,500,100,7,10,3,100,DEVIANCE
74,0.483916084,296975,-156150,-0.525801835,500,150,7,10,3,500,DEVIANCE
75,0.495818399,150250,-78825,-0.524625624,400,100,7,15,6,1000,DEVIANCE
76,0.49609375,345750,-179100,-0.518004338,400,100,4,15,6,100,DEVIANCE
77,0.491780822,322700,-167125,-0.517895879,400,150,4,10,6,100,DEVIANCE
78,0.493706294,227650,-117050,-0.514166484,500,150,7,10,6,500,DEVIANCE
79,0.490410959,285800,-145075,-0.507610217,400,150,4,10,6,50,DEVIANCE
80,0.487455197,139350,-68775,-0.493541442,400,100,7,10,3,500,DEVIANCE
81,0.498697917,330400,-162850,-0.492887409,400,100,4,15,6,500,DEVIANCE
82,0.471502591,284225,-139650,-0.491336089,400,200,7,10,6,100,DEVIANCE
83,0.505479452,233175,-114375,-0.490511418,400,150,4,10,3,50,DEVIANCE
84,0.494791667,208075,-100750,-0.484200409,200,100,4,10,3,1000,DEVIANCE
85,0.483592401,245350,-118725,-0.48390055,500,200,7,15,6,50,DEVIANCE
86,0.502739726,238100,-114925,-0.482675346,500,150,4,15,6,1000,DEVIANCE
87,0.5,185575,-85275,-0.459517715,400,200,4,15,3,50,DEVIANCE
88,0.482517483,284825,-130625,-0.458614939,200,150,7,15,6,1000,DEVIANCE
89,0.48864994,143275,-65125,-0.454545455,400,100,7,15,6,500,DEVIANCE
90,0.501302083,227250,-103050,-0.453465347,400,100,4,15,3,500,DEVIANCE
91,0.489583333,245650,-111350,-0.453287197,200,100,4,15,3,1000,DEVIANCE
92,0.497395833,284850,-128650,-0.451641215,400,100,4,10,6,50,DEVIANCE
93,0.521917808,229175,-101625,-0.44343842,500,150,4,15,6,50,DEVIANCE
94,0.494791667,191675,-83200,-0.434068084,200,100,4,10,3,500,DEVIANCE
95,0.513888889,202925,-87025,-0.428853025,400,200,2,15,3,1000,DEVIANCE
96,0.498958333,206825,-87150,-0.421370724,200,100,4,10,3,100,DEVIANCE
97,0.471502591,165000,-69200,-0.419393939,400,200,7,15,6,50,DEVIANCE
98,0.501369863,253700,-105175,-0.414564446,400,150,4,15,6,500,DEVIANCE
99,0.486394558,180600,-74450,-0.412236988,500,200,4,10,3,100,DEVIANCE
100,0.476702509,211125,-86825,-0.41124926,400,100,7,10,6,100,DEVIANCE
101,0.481118881,276550,-112525,-0.406888447,400,150,7,10,6,1000,DEVIANCE
102,0.505102041,294500,-118975,-0.403989813,400,200,4,15,6,500,DEVIANCE
103,0.486260454,203700,-81525,-0.400220913,400,100,7,10,6,50,DEVIANCE
104,0.490509491,223875,-88675,-0.396091569,200,150,7,15,3,500,DEVIANCE
105,0.496875,208675,-81900,-0.392476339,200,100,4,15,6,100,DEVIANCE
106,0.491935484,239375,-93050,-0.388720627,500,100,7,10,6,50,DEVIANCE
107,0.498958333,274525,-104700,-0.38138603,200,100,4,10,6,500,DEVIANCE
108,0.489247312,200275,-68650,-0.342778679,500,100,7,10,3,500,DEVIANCE
109,0.49744898,199850,-68325,-0.341881411,400,200,4,10,6,1000,DEVIANCE
110,0.479091995,215425,-72125,-0.334803296,400,100,7,10,6,500,DEVIANCE
111,0.488511489,268925,-87375,-0.324904713,200,150,7,10,6,50,DEVIANCE
112,0.488520408,230450,-70475,-0.30581471,400,200,4,10,6,50,DEVIANCE
113,0.466321244,183100,-54950,-0.30010923,400,200,7,15,3,100,DEVIANCE
114,0.506802721,174075,-51300,-0.29470056,500,200,4,15,6,100,DEVIANCE
115,0.481118881,215725,-62050,-0.28763472,500,150,7,10,6,50,DEVIANCE
116,0.47972028,263100,-74850,-0.284492588,500,150,7,10,3,100,DEVIANCE
117,0.484515485,217200,-61075,-0.281192449,200,150,7,10,6,100,DEVIANCE
118,0.469775475,196650,-54825,-0.278794813,500,200,7,10,3,50,DEVIANCE
119,0.502604167,314400,-82950,-0.263835878,400,100,4,15,6,1000,DEVIANCE
120,0.502097902,173325,-45475,-0.262368383,400,150,7,10,3,100,DEVIANCE
121,0.49702381,253200,-66075,-0.260959716,500,100,4,10,6,100,DEVIANCE
122,0.517492711,198925,-50800,-0.255372628,500,100,2,15,3,500,DEVIANCE
123,0.491691105,153525,-37925,-0.247028171,200,100,7,15,3,100,DEVIANCE
124,0.485314685,269500,-65725,-0.243877551,400,150,7,10,6,500,DEVIANCE
125,0.504166667,211275,-50400,-0.238551651,200,100,4,10,3,50,DEVIANCE
126,0.491496599,196300,-45800,-0.233316353,500,200,4,15,3,500,DEVIANCE
127,0.494897959,251350,-56375,-0.22428884,400,200,4,10,6,100,DEVIANCE
128,0.505208333,252875,-55850,-0.220860109,400,100,4,10,6,1000,DEVIANCE
129,0.49872449,194200,-42125,-0.216915551,400,200,4,10,3,100,DEVIANCE
130,0.495104895,215225,-46125,-0.214310605,400,150,7,15,6,1000,DEVIANCE
131,0.493955095,174625,-37325,-0.213743737,500,200,7,15,6,100,DEVIANCE
132,0.497902098,217375,-44575,-0.20506038,400,150,7,15,6,500,DEVIANCE
133,0.505208333,213150,-42900,-0.201266714,400,100,4,10,3,100,DEVIANCE
134,0.506510417,196650,-38450,-0.195525044,400,100,4,15,3,1000,DEVIANCE
135,0.496503497,152550,-29175,-0.191248771,400,150,7,10,6,50,DEVIANCE
136,0.497395833,141000,-26350,-0.186879433,400,100,4,10,3,50,DEVIANCE
137,0.49702381,205050,-37725,-0.183979517,500,100,4,10,6,50,DEVIANCE
138,0.509499136,242050,-44225,-0.182710184,500,200,7,10,6,500,DEVIANCE
139,0.494791667,162525,-28800,-0.177203507,200,100,4,15,3,500,DEVIANCE
140,0.490909091,196075,-34225,-0.174550555,400,150,7,10,6,100,DEVIANCE
141,0.495104895,227850,-38725,-0.169958306,400,150,7,15,6,100,DEVIANCE
142,0.496598639,142600,-23600,-0.165497896,500,200,4,10,6,500,DEVIANCE
143,0.494897959,142200,-23250,-0.16350211,500,200,4,15,3,100,DEVIANCE
144,0.507653061,124400,-20325,-0.163384244,400,200,4,15,3,100,DEVIANCE
145,0.494897959,128600,-20900,-0.16251944,500,200,4,15,3,50,DEVIANCE
146,0.48864994,129250,-20575,-0.159187621,400,100,7,15,6,50,DEVIANCE
147,0.505102041,230200,-34925,-0.151715899,400,200,4,10,6,500,DEVIANCE
148,0.495504496,182975,-27675,-0.151250171,200,150,7,15,3,1000,DEVIANCE
149,0.491508492,232175,-34725,-0.149563907,200,150,7,10,3,1000,DEVIANCE
150,0.510204082,275450,-40325,-0.146396805,400,200,4,15,6,1000,DEVIANCE
151,0.492668622,212750,-30325,-0.14253819,200,100,7,15,6,100,DEVIANCE
152,0.513020833,236125,-32400,-0.137215458,400,100,4,10,6,100,DEVIANCE
153,0.514677104,175075,-23375,-0.133514208,200,150,4,15,3,50,DEVIANCE
154,0.475388601,176025,-23450,-0.133219713,400,200,7,10,3,500,DEVIANCE
155,0.493506494,190575,-24375,-0.127902401,200,150,7,10,3,500,DEVIANCE
156,0.490509491,245500,-31075,-0.126578411,200,150,7,15,6,100,DEVIANCE
157,0.513392857,164725,-20125,-0.122173319,500,100,4,10,6,1000,DEVIANCE
158,0.489247312,207775,-23850,-0.114787631,500,100,7,10,3,1000,DEVIANCE
159,0.483592401,249575,-22875,-0.091655815,500,200,7,10,3,100,DEVIANCE
160,0.503913894,194850,-16575,-0.085065435,200,150,4,10,3,50,DEVIANCE
161,0.501344086,194825,-15300,-0.078532016,500,100,7,15,3,1000,DEVIANCE
162,0.507440476,230075,-14675,-0.063783549,500,100,4,10,3,500,DEVIANCE
163,0.508806262,134850,-8075,-0.05988135,200,150,4,15,6,100,DEVIANCE
164,0.523287671,202075,-10175,-0.050352592,500,150,4,10,3,50,DEVIANCE
165,0.494623656,175700,-8600,-0.048947069,500,100,7,15,3,500,DEVIANCE
166,0.502443793,212650,-9325,-0.043851399,200,100,7,10,6,500,DEVIANCE
167,0.502443793,212650,-9325,-0.043851399,200,100,7,10,6,1000,DEVIANCE
168,0.503401361,130600,-5350,-0.040964778,500,200,4,10,6,1000,DEVIANCE
169,0.49744898,149850,-3975,-0.026526527,400,200,4,10,3,50,DEVIANCE
170,0.525252525,171650,-3975,-0.023157588,400,200,2,15,6,100,DEVIANCE
171,0.503861004,226050,-1050,-0.00464499,200,150,2,15,6,1000,DEVIANCE
172,0.480138169,140050,75,0.000535523,500,200,7,15,3,50,DEVIANCE
173,0.501792115,160375,1625,0.010132502,400,100,7,15,6,100,DEVIANCE
174,0.491496599,150525,2000,0.013286829,500,200,4,10,3,1000,DEVIANCE
175,0.521865889,202125,2800,0.013852814,500,100,2,15,3,50,DEVIANCE
176,0.516369048,187375,4675,0.024949967,500,100,4,10,3,1000,DEVIANCE
177,0.497502498,166675,5025,0.030148493,200,150,7,10,6,500,DEVIANCE
178,0.497502498,166675,5025,0.030148493,200,150,7,10,6,1000,DEVIANCE
179,0.513888889,177775,6275,0.035297427,400,200,2,10,3,50,DEVIANCE
180,0.508806262,150250,5425,0.036106489,200,150,4,15,3,500,DEVIANCE
181,0.496503497,181850,13075,0.071899918,200,150,7,15,6,50,DEVIANCE
182,0.517676768,209600,15375,0.073354008,400,200,2,10,6,50,DEVIANCE
183,0.501792115,129575,11475,0.08855875,400,100,7,15,3,500,DEVIANCE
184,0.510204082,134600,11950,0.088781575,500,200,4,15,6,500,DEVIANCE
185,0.507291667,119500,11550,0.09665272,200,100,4,15,6,500,DEVIANCE
186,0.522727273,187800,18475,0.098375932,400,200,2,15,6,500,DEVIANCE
187,0.516407599,190675,21675,0.113675102,500,200,7,10,6,1000,DEVIANCE
188,0.511741683,170025,21075,0.12395236,200,150,4,15,6,1000,DEVIANCE
189,0.493428913,198725,25525,0.128443829,400,100,7,10,3,100,DEVIANCE
190,0.493197279,160025,21350,0.133416654,500,200,4,10,3,500,DEVIANCE
191,0.51171875,196425,27850,0.141784396,400,100,4,10,6,500,DEVIANCE
192,0.516034985,190150,27150,0.142782014,500,100,2,10,6,50,DEVIANCE
193,0.508806262,165625,24125,0.145660377,200,150,4,15,3,1000,DEVIANCE
194,0.524657534,209425,31175,0.148859974,500,150,4,15,3,500,DEVIANCE
195,0.508687259,206700,32450,0.156990808,200,150,2,10,3,1000,DEVIANCE
196,0.479091995,151525,24325,0.160534565,400,100,7,10,3,50,DEVIANCE
197,0.500965251,203075,32650,0.160778038,200,150,2,15,3,1000,DEVIANCE
198,0.52739726,189575,30625,0.161545562,500,150,4,10,6,1000,DEVIANCE
199,0.507142857,271150,50975,0.187995574,200,100,2,15,6,1000,DEVIANCE
200,0.512755102,188425,37925,0.201273716,400,200,4,15,6,100,DEVIANCE
201,0.506510417,184250,38750,0.210312076,400,100,4,10,3,1000,DEVIANCE
202,0.498704663,172900,38050,0.220069404,400,200,7,10,6,500,DEVIANCE
203,0.508333333,229325,50700,0.221083615,200,100,4,10,6,1000,DEVIANCE
204,0.493706294,163075,36875,0.22612295,400,150,7,15,6,50,DEVIANCE
205,0.517567568,162275,41400,0.255122477,500,150,2,10,6,50,DEVIANCE
206,0.527777778,175500,48375,0.275641026,400,200,2,10,3,500,DEVIANCE
207,0.506849315,125600,34975,0.278463376,200,150,4,15,6,50,DEVIANCE
208,0.477979275,124050,34650,0.279322854,400,200,7,10,3,100,DEVIANCE
209,0.5,144900,41400,0.285714286,400,200,7,10,6,1000,DEVIANCE
210,0.511363636,199175,56925,0.285803941,400,200,2,10,3,100,DEVIANCE
211,0.510617761,192450,56900,0.295661211,200,150,2,10,6,50,DEVIANCE
212,0.516216216,159875,47850,0.299296325,500,150,2,10,3,100,DEVIANCE
213,0.506493506,228075,68875,0.301983996,200,150,7,10,3,50,DEVIANCE
214,0.526515152,173500,52675,0.303602305,400,200,2,15,6,50,DEVIANCE
215,0.518918919,155325,48850,0.314501851,500,150,2,10,3,50,DEVIANCE
216,0.523287671,128325,42075,0.327878434,500,150,4,10,3,100,DEVIANCE
217,0.517492711,191800,63350,0.330291971,500,100,2,10,6,100,DEVIANCE
218,0.510958904,237200,80475,0.339270658,500,150,4,10,6,50,DEVIANCE
219,0.49657869,165850,56975,0.343533313,200,100,7,15,6,1000,DEVIANCE
220,0.523989899,200500,69675,0.347506234,400,200,2,15,3,500,DEVIANCE
221,0.515625,119500,42300,0.353974895,200,100,4,15,6,1000,DEVIANCE
222,0.524657534,184225,65425,0.355136382,500,150,4,10,3,500,DEVIANCE
223,0.509499136,193000,69625,0.360751295,500,200,7,15,6,500,DEVIANCE
224,0.523323615,165625,59750,0.360754717,500,100,2,15,3,100,DEVIANCE
225,0.512720157,155575,56225,0.361401253,200,150,4,15,6,500,DEVIANCE
226,0.495504496,152400,56275,0.36925853,200,150,7,10,3,100,DEVIANCE
227,0.531506849,155875,59375,0.380914194,500,150,4,15,6,100,DEVIANCE
228,0.502443793,149150,57425,0.385015085,200,100,7,15,6,50,DEVIANCE
229,0.523287671,138500,55875,0.403429603,500,150,4,10,6,500,DEVIANCE
230,0.495601173,170700,72725,0.426039836,200,100,7,15,6,500,DEVIANCE
231,0.483160622,112200,48900,0.435828877,400,200,7,15,3,1000,DEVIANCE
232,0.516581633,121375,53525,0.440988671,400,200,4,15,6,50,DEVIANCE
233,0.520408163,219500,101550,0.462642369,500,100,2,10,3,50,DEVIANCE
234,0.508806262,149650,69825,0.466588707,200,150,4,10,3,500,DEVIANCE
235,0.499300699,153050,71475,0.467004247,400,150,7,15,3,1000,DEVIANCE
236,0.507827789,150800,72125,0.478282493,200,150,4,10,3,1000,DEVIANCE
237,0.533527697,183675,88350,0.481012658,500,100,2,15,3,1000,DEVIANCE
238,0.527696793,195075,94300,0.483403819,500,100,2,10,3,500,DEVIANCE
239,0.516927083,183450,92050,0.5017716,400,100,4,10,3,500,DEVIANCE
240,0.517006803,111250,56350,0.506516854,500,200,4,15,6,1000,DEVIANCE
241,0.516407599,139075,70975,0.51033615,500,200,7,10,6,100,DEVIANCE
242,0.493706294,149800,77075,0.514519359,400,150,7,15,3,500,DEVIANCE
243,0.493646139,115150,63025,0.54732957,200,100,7,10,6,100,DEVIANCE
244,0.502443793,140825,77775,0.5522812,200,100,7,15,3,500,DEVIANCE
245,0.533527697,153250,86300,0.563132137,500,100,2,15,6,500,DEVIANCE
246,0.516409266,168150,94850,0.564079691,200,150,2,10,3,500,DEVIANCE
247,0.477979275,102375,59750,0.583638584,400,200,7,15,3,500,DEVIANCE
248,0.527777778,165275,98325,0.594917562,400,200,2,15,6,1000,DEVIANCE
249,0.516326531,209075,125625,0.600860935,200,100,2,15,3,1000,DEVIANCE
250,0.521917808,188325,113675,0.603610779,500,150,4,10,3,1000,DEVIANCE
251,0.503496503,174675,106325,0.608701875,200,150,7,15,3,100,DEVIANCE
252,0.531081081,174075,106750,0.613241419,500,150,2,15,3,500,DEVIANCE
253,0.484455959,116850,73500,0.629011553,400,200,7,10,3,1000,DEVIANCE
254,0.512720157,108325,68725,0.634433418,200,150,4,15,3,100,DEVIANCE
255,0.517346939,251950,163275,0.648045247,200,100,2,15,6,500,DEVIANCE
256,0.50965251,144275,93750,0.649800728,200,150,2,10,6,1000,DEVIANCE
257,0.523989899,142675,93425,0.654809883,400,200,2,15,3,50,DEVIANCE
258,0.494818653,120725,79350,0.65727894,400,200,7,15,6,1000,DEVIANCE
259,0.510617761,185850,122600,0.659671778,200,150,2,15,6,500,DEVIANCE
260,0.490932642,103400,70400,0.680851064,400,200,7,15,6,500,DEVIANCE
261,0.523287671,168625,115875,0.687175686,500,150,4,10,6,100,DEVIANCE
262,0.543771044,166800,120100,0.720023981,500,200,2,15,6,500,DEVIANCE
263,0.536486486,143425,107050,0.746383127,500,150,2,15,3,1000,DEVIANCE
264,0.52972973,165500,130700,0.789728097,500,150,2,10,3,500,DEVIANCE
265,0.539358601,131450,104900,0.798022062,500,100,2,15,6,100,DEVIANCE
266,0.506122449,234750,190075,0.809691161,200,100,2,10,6,1000,DEVIANCE
267,0.508308895,129100,106175,0.822424477,200,100,7,10,3,100,DEVIANCE
268,0.494623656,129075,106425,0.824520628,200,100,7,10,6,50,DEVIANCE
269,0.518950437,200300,166600,0.831752371,500,100,2,10,3,100,DEVIANCE
270,0.497409326,129050,110100,0.853157691,400,200,7,15,6,100,DEVIANCE
271,0.536616162,185575,159125,0.857470026,400,200,2,10,3,1000,DEVIANCE
272,0.495504496,118250,105275,0.890274841,200,150,7,15,3,50,DEVIANCE
273,0.543243243,186700,166900,0.893947509,500,150,2,15,6,500,DEVIANCE
274,0.485314685,115175,104125,0.904059041,400,150,7,15,3,50,DEVIANCE
275,0.528767123,119200,108725,0.912122483,500,150,4,15,3,100,DEVIANCE
276,0.502040816,224450,207025,0.922365783,200,100,2,10,6,500,DEVIANCE
277,0.527027027,126900,117600,0.926713948,500,150,2,15,3,50,DEVIANCE
278,0.512953368,147800,138475,0.936907984,500,200,7,15,6,1000,DEVIANCE
279,0.514680484,131800,124275,0.942905918,500,200,7,10,3,500,DEVIANCE
280,0.513265306,172300,166575,0.96677307,200,100,2,10,3,1000,DEVIANCE
281,0.502097902,125975,123675,0.981742409,400,150,7,15,3,100,DEVIANCE
282,0.530612245,144575,142650,0.986685112,500,100,2,15,6,50,DEVIANCE
283,0.537900875,161750,161950,1.001236476,500,100,2,10,6,1000,DEVIANCE
284,0.53030303,140075,140875,1.005711226,400,200,2,15,3,100,DEVIANCE
285,0.514478764,137800,142650,1.035195936,200,150,2,10,6,500,DEVIANCE
286,0.533670034,126900,131550,1.036643026,500,200,2,10,6,50,DEVIANCE
287,0.54040404,178450,188275,1.055057439,400,200,2,10,6,100,DEVIANCE
288,0.518339768,172125,183150,1.064052288,200,150,2,10,6,100,DEVIANCE
289,0.525675676,137825,146800,1.06511881,400,150,2,15,6,50,DEVIANCE
290,0.543731778,152200,162450,1.067345598,500,100,2,15,6,1000,DEVIANCE
291,0.52755102,166525,179225,1.076264825,200,100,2,15,3,500,DEVIANCE
292,0.539189189,154300,169500,1.098509397,500,150,2,10,6,100,DEVIANCE
293,0.535353535,131675,149550,1.135750902,500,200,2,15,3,100,DEVIANCE
294,0.507331378,113825,130725,1.148473534,200,100,7,15,3,1000,DEVIANCE
295,0.54040404,126900,145950,1.150118203,500,200,2,10,6,100,DEVIANCE
296,0.537037037,126900,146800,1.156816391,500,200,2,15,3,500,DEVIANCE
297,0.532432432,146525,172950,1.180344651,500,150,2,15,3,100,DEVIANCE
298,0.518367347,169825,206775,1.217576917,200,100,2,15,6,100,DEVIANCE
299,0.535353535,166075,202675,1.220382357,400,200,2,10,6,500,DEVIANCE
300,0.521526419,131700,161375,1.225322703,200,150,4,10,6,50,DEVIANCE
301,0.504181601,128975,158525,1.229114169,400,100,7,15,3,50,DEVIANCE
302,0.54040404,126900,158300,1.247438928,500,200,2,10,3,50,DEVIANCE
303,0.504317789,106675,135025,1.265760487,500,200,7,15,3,100,DEVIANCE
304,0.52972973,129150,165950,1.284939992,400,150,2,15,3,50,DEVIANCE
305,0.542857143,133750,174225,1.302616822,200,100,2,15,3,50,DEVIANCE
306,0.54040404,126900,167150,1.317178881,500,200,2,15,3,1000,DEVIANCE
307,0.53030303,108525,143250,1.319972357,500,200,2,10,6,1000,DEVIANCE
308,0.523316062,133150,176325,1.324258355,500,200,7,10,3,1000,DEVIANCE
309,0.516438356,84750,112575,1.328318584,500,150,4,15,3,50,DEVIANCE
310,0.550505051,126900,169400,1.334909377,500,200,2,15,3,50,DEVIANCE
311,0.534985423,134700,182450,1.354491463,500,100,2,10,6,500,DEVIANCE
312,0.528619529,126900,173800,1.369582348,500,200,2,10,3,100,DEVIANCE
313,0.506353861,111125,153125,1.377952756,200,100,7,15,3,50,DEVIANCE
314,0.536989796,149950,206725,1.378626209,400,100,2,10,6,50,DEVIANCE
315,0.532432432,124400,178600,1.435691318,400,150,2,10,6,50,DEVIANCE
316,0.535135135,132850,190750,1.435829883,500,150,2,15,6,1000,DEVIANCE
317,0.528378378,120775,174500,1.444835438,400,150,2,15,6,100,DEVIANCE
318,0.534985423,129350,191900,1.483571705,500,100,2,10,3,1000,DEVIANCE
319,0.534090909,155275,234225,1.508452745,400,200,2,10,6,1000,DEVIANCE
320,0.538720539,108525,163750,1.508868924,500,200,2,15,6,1000,DEVIANCE
321,0.528497409,89675,135425,1.510175634,500,200,7,10,6,50,DEVIANCE
322,0.498533724,101550,154125,1.517725258,200,100,7,10,3,500,DEVIANCE
323,0.528378378,140825,215550,1.530623114,400,150,2,15,3,500,DEVIANCE
324,0.528957529,125800,192700,1.531796502,200,150,2,15,3,100,DEVIANCE
325,0.505102041,111100,172000,1.548154815,500,200,4,10,6,100,DEVIANCE
326,0.540540541,134250,208350,1.551955307,500,150,2,10,6,500,DEVIANCE
327,0.540540541,142950,222750,1.558237146,500,150,2,10,6,1000,DEVIANCE
328,0.525440313,121550,194525,1.600370218,200,150,4,10,6,100,DEVIANCE
329,0.519305019,107000,171650,1.604205607,200,150,2,10,3,100,DEVIANCE
330,0.527027027,130525,210550,1.613100939,400,150,2,15,6,1000,DEVIANCE
331,0.538720539,126900,206300,1.625689519,500,200,2,10,3,500,DEVIANCE
332,0.522504892,108075,175725,1.625954198,200,150,4,10,3,100,DEVIANCE
333,0.540540541,136725,222350,1.626257085,500,150,2,15,6,100,DEVIANCE
334,0.527027027,105775,172100,1.627038525,400,150,2,10,3,500,DEVIANCE
335,0.52755102,118525,194325,1.639527526,200,100,2,15,3,100,DEVIANCE
336,0.545945946,147925,242600,1.640020281,500,150,2,10,3,1000,DEVIANCE
337,0.518134715,125750,213775,1.7,500,200,7,15,3,1000,DEVIANCE
338,0.52972973,82575,140950,1.706933091,400,150,2,15,3,100,DEVIANCE
339,0.527027027,147175,253550,1.722779005,400,150,2,15,3,1000,DEVIANCE
340,0.541836735,163475,287125,1.756384768,200,100,2,10,3,50,DEVIANCE
341,0.543771044,108525,192100,1.770099056,500,200,2,10,3,1000,DEVIANCE
342,0.529591837,162975,288625,1.770977144,200,100,2,10,6,100,DEVIANCE
343,0.535353535,108525,196900,1.814328496,500,200,2,10,6,500,DEVIANCE
344,0.548821549,108525,197250,1.817553559,500,200,2,15,6,50,DEVIANCE
345,0.525096525,130250,238100,1.828023033,200,150,2,10,3,50,DEVIANCE
346,0.540540541,118450,218150,1.841705361,400,150,2,10,3,50,DEVIANCE
347,0.542091837,143475,265825,1.852761805,400,100,2,10,6,100,DEVIANCE
348,0.525510204,121650,226075,1.858405261,200,100,2,15,6,50,DEVIANCE
349,0.550505051,108525,204900,1.888044229,500,200,2,15,6,100,DEVIANCE
350,0.533783784,109500,209000,1.908675799,400,150,2,10,3,100,DEVIANCE
351,0.519569472,104825,209025,1.994037682,200,150,4,10,6,500,DEVIANCE
352,0.540816327,144400,291975,2.021987535,400,100,2,10,3,500,DEVIANCE
353,0.534693878,149250,307375,2.059463987,200,100,2,10,6,50,DEVIANCE
354,0.543367347,96300,199775,2.07450675,400,100,2,15,6,50,DEVIANCE
355,0.519569472,108850,234375,2.153192467,200,150,4,10,6,1000,DEVIANCE
356,0.510155317,92675,208675,2.251685999,400,100,7,15,3,100,DEVIANCE
357,0.547297297,136725,309500,2.263667947,500,150,2,15,6,50,DEVIANCE
358,0.530888031,113775,260300,2.287848824,200,150,2,15,3,500,DEVIANCE
359,0.530224525,132800,305225,2.298381024,500,200,7,15,3,500,DEVIANCE
360,0.533783784,104750,261250,2.494033413,200,150,2,15,3,50,DEVIANCE
361,0.542091837,140225,361925,2.581030487,400,100,2,15,3,1000,DEVIANCE
362,0.532432432,107425,277900,2.586921108,400,150,2,15,6,500,DEVIANCE
363,0.557397959,132325,348325,2.632344606,400,100,2,15,3,500,DEVIANCE
364,0.530612245,144025,380575,2.64242319,200,100,2,10,3,500,DEVIANCE
365,0.543877551,119400,316475,2.650544389,200,100,2,10,3,100,DEVIANCE
366,0.535714286,111650,303375,2.717196597,400,100,2,15,6,1000,DEVIANCE
367,0.545918367,126625,344475,2.720434353,400,100,2,10,6,500,DEVIANCE
368,0.506353861,76150,209025,2.744911359,200,100,7,10,3,1000,DEVIANCE
369,0.547193878,104950,289525,2.758694616,400,100,2,15,3,50,DEVIANCE
370,0.515444015,101075,279600,2.766262676,200,150,2,15,6,50,DEVIANCE
371,0.530612245,103150,287200,2.784294716,500,200,4,10,6,50,DEVIANCE
372,0.531081081,87650,245300,2.798630918,400,150,2,10,6,100,DEVIANCE
373,0.551020408,93225,263925,2.831053902,400,100,2,15,6,100,DEVIANCE
374,0.532432432,92550,268500,2.901134522,400,150,2,10,3,1000,DEVIANCE
375,0.543367347,121075,359075,2.965723725,400,100,2,10,3,1000,DEVIANCE
376,0.526061776,88300,263250,2.981313703,200,150,2,15,6,100,DEVIANCE
377,0.542091837,106425,336725,3.163965234,400,100,2,10,6,1000,DEVIANCE
378,0.530791789,89200,309525,3.470011211,200,100,7,10,3,50,DEVIANCE
379,0.549744898,91125,316925,3.477914952,400,100,2,10,3,50,DEVIANCE
380,0.551020408,101950,363425,3.564737616,400,100,2,15,3,100,DEVIANCE
381,0.545918367,112900,420075,3.720770593,400,100,2,15,6,500,DEVIANCE
382,0.545918367,101175,399725,3.950827774,400,100,2,10,3,100,DEVIANCE
383,0.532432432,81750,342950,4.195107034,400,150,2,10,6,1000,DEVIANCE
384,0.535135135,83400,365600,4.383693046,400,150,2,10,6,500,DEVIANCE
